Link,Title,Code,Image
https://axilam.com/axilam-products/axilam-54/instalam.html,SF,2026,https://axilam.com/image/2026 SF.jpg
https://axilam.com/axilam-products/axilam-54/instalam.html,SF,6001,https://axilam.com/image/6001_SF.jpg
https://axilam.com/axilam-products/axilam-54/instalam.html,SF,6002,https://axilam.com/image/6002_SF.jpg
https://axilam.com/axilam-products/axilam-54/instalam.html,SF,6003,https://axilam.com/image/6003_SF.jpg
https://axilam.com/axilam-products/axilam-54/instalam.html,SF,6004,https://axilam.com/image/6004_SF.jpg
https://axilam.com/axilam-products/axilam-54/instalam.html,SF,6005,https://axilam.com/image/6005_SF.jpg
https://axilam.com/axilam-products/axilam-54/instalam.html,SF,6006,https://axilam.com/image/6006_SF.jpg
https://axilam.com/axilam-products/axilam-54/instalam.html,SF,6007,https://axilam.com/image/6007_SF.jpg
https://axilam.com/axilam-products/axilam-54/instalam.html,SF,6008,https://axilam.com/image/6008_SF.jpg
https://axilam.com/axilam-products/axilam-54/instalam.html,SF,6009,https://axilam.com/image/6009_SF.jpg
https://axilam.com/axilam-products/axilam-54/instalam.html,SF,6010,https://axilam.com/image/6010_SF.jpg
https://axilam.com/axilam-products/axilam-54/instalam.html,SF,6011,https://axilam.com/image/6011_SF.jpg
https://axilam.com/axilam-products/axilam-54/instalam.html,SF,6012,https://axilam.com/image/6012_SF.jpg
https://axilam.com/axilam-products/axilam-54/instalam.html,SF,6013,https://axilam.com/image/6013_SF.jpg
https://axilam.com/axilam-products/axilam-54/instalam.html,SF,6014,https://axilam.com/image/6014_SF.jpg
https://axilam.com/axilam-products/axilam-54/instalam.html,SF,6015,https://axilam.com/image/6015_SF.jpg
https://axilam.com/axilam-products/axilam-54/instalam.html,SF,6017,https://axilam.com/image/6017_SF.jpg
https://axilam.com/axilam-products/axilam-54/instalam.html,SF,6018,https://axilam.com/image/6018_SF.jpg
https://axilam.com/axilam-products/axilam-54/instalam.html,SF,6026,https://axilam.com/image/6026_SF.jpg
https://axilam.com/axilam-products/axilam-54/instalam.html,SF,6027,https://axilam.com/image/6027_SF.jpg
https://axilam.com/axilam-products/axilam-54/instalam.html,SF,6028,https://axilam.com/image/6028_SF.jpg
https://axilam.com/axilam-products/axilam-54/instalam.html,SF,6029,https://axilam.com/image/6029_SF.jpg
https://axilam.com/axilam-products/axilam-54/instalam.html,SF,6032,https://axilam.com/image/6032_SF.jpg
https://axilam.com/axilam-products/axilam-54/instalam.html,SF,6033,https://axilam.com/image/6033_SF.jpg
https://axilam.com/axilam-products/axilam-54/instalam.html,SF,6037,https://axilam.com/image/6037_SF.jpg
https://axilam.com/axilam-products/axilam-54/instalam.html,SF,6038,https://axilam.com/image/6038_SF.jpg
https://axilam.com/axilam-products/axilam-54/instalam.html,SF,6039,https://axilam.com/image/6039_SF.jpg
https://axilam.com/axilam-products/axilam-54/instalam.html,SF,6040,https://axilam.com/image/6040_SF.jpg
https://axilam.com/axilam-products/axilam-54/instalam.html,SF,6041,https://axilam.com/image/6041_SF.jpg
https://axilam.com/axilam-products/axilam-54/instalam.html,SF,6043,https://axilam.com/image/6043_SF.jpg
https://axilam.com/axilam-products/axilam-54/instalam.html,SF,6044,https://axilam.com/image/6044_SF.jpg
https://axilam.com/axilam-products/axilam-54/instalam.html,SF,6045,https://axilam.com/image/6045_SF.jpg
https://axilam.com/axilam-products/axilam-54/instalam.html,SF,6046,https://axilam.com/image/6046_SF.jpg
https://axilam.com/axilam-products/axilam-54/instalam.html,SF,6048,https://axilam.com/image/6048_SF.jpg
https://axilam.com/axilam-products/axilam-54/instalam.html,SF,6050,https://axilam.com/image/6050_SF.jpg
https://axilam.com/axilam-products/axilam-54/instalam.html,SF,6051,https://axilam.com/image/6051_SF.jpg
https://axilam.com/axilam-products/axilam-54/instalam.html,SF,6052,https://axilam.com/image/6052_SF.jpg
